[
  {
    "id": "0",
    "imagePath": "C:\\Rldidkr\\Unity\\Muffin\\Build\\CakeData\\CakeImages\\0.png",
    "cakePath": "C:\\Rldidkr\\Unity\\Muffin\\Build\\CakeData\\Recipes\\Cake0.json",
    "displayName": "크림 1호"
  },
  {
    "id": "1",
    "imagePath": "C:\\Rldidkr\\Unity\\Muffin\\Build\\CakeData\\CakeImages\\1.png",
    "cakePath": "C:\\Rldidkr\\Unity\\Muffin\\Build\\CakeData\\Recipes\\Cake1.json",
    "displayName": "치즈 1호"
  },
  {
    "id": "2",
    "imagePath": "C:\\Rldidkr\\Unity\\Muffin\\Build\\CakeData\\CakeImages\\2.png",
    "cakePath": "C:\\Rldidkr\\Unity\\Muffin\\Build\\CakeData\\Recipes\\Cake2.json",
    "displayName": "초코 1호"
  },
  {
    "id": "3",
    "imagePath": "C:\\Rldidkr\\Unity\\Muffin\\Build\\CakeData\\CakeImages\\3.png",
    "cakePath": "C:\\Rldidkr\\Unity\\Muffin\\Build\\CakeData\\Recipes\\Cake3.json",
    "displayName": "크림 2호"
  }
]